,Method,Postive,Negative,Sum,Accuracy
0,C4.5,1277,3001,4278,29.850397381954185%
0,ID3,1192,3086,4278,27.863487611033193%
0,CART,1192,3086,4278,27.863487611033193%
0,CHAID,1087,3191,4278,25.40906965871903%
0,Regression,1191,3087,4278,27.840112201963535%
