,Method,Postive,Negative,Sum,Accuracy,Positive
0,C4.5,,3001,4278,29.850397381954185%,1277.0
0,ID3,,3086,4278,27.863487611033193%,1192.0
0,CART,,3086,4278,27.863487611033193%,1192.0
0,CHAID,,3191,4278,25.40906965871903%,1087.0
0,Regression,,3087,4278,27.840112201963535%,1191.0
