,ECR_RATIO,MVL SUM,MVL ABS,RMS,DB,ZCR,MFCC,FARBWECHSEL RATIO,SIFT RATIO,Tag
count,320616.0,320616.0,320616.0,320616.0,320616.0,320616.0,320616.0,320616.0,320616.0,320616.0
mean,0.5283732196914267,-9.308618192499397,956.1228031361023,0.029670970995659202,-32.772296805050516,100.05614504578686,158.7850636008251,0.030679897202022608,0.308096598349344,3.7760467350350577
std,0.2304045235673517,499.0231962067046,1654.5035707205438,0.02310137318642646,6.4164768409308275,77.74715771944973,14.612285784013238,0.016431758972137066,0.8372716115058728,0.7260129140630428
min,0.0010070493454179,-13861.441,0.0,0.0014954069643238,-56.68390887532223,0.0,110.6982901622268,1.189680171717506e-05,0.0,3.0
25%,0.34024905286597346,-78.98005,34.473244,0.0146183660390026,-36.68390887532223,58.0,150.25601218363028,0.0165234357530999,0.0698812019566736,3.0
50%,0.5261461318051576,-0.0054473877,258.374905,0.0241706595049897,-32.33422999104411,74.0,160.55548983743125,0.028296073703230347,0.1314060446780552,4.0
75%,0.7231398201144726,70.79625,1111.9207000000001,0.0378124332407605,-28.44730749531271,111.0,169.1992729832462,0.04427549639915355,0.2666666666666666,4.0
max,0.9989855173861332,17233.703,34751.664,0.8399914548173467,-2.5027518486313687,1010.0,205.8036003347027,0.0826340876324384,50.0,5.0
