,ECR_RATIO,MVL SUM,MVL ABS,RMS,DB,ZCR,MFCC,FARBWECHSEL RATIO,SIFT RATIO,Tag
count,1270665.0,1270665.0,1270665.0,1270665.0,1270665.0,1270665.0,1270665.0,1270665.0,1270665.0,1270665.0
mean,0.5215054773306881,-10.48744335754599,897.3322243962203,0.03098147687273613,-32.72165502611889,97.54835538871379,158.47325516730396,0.029832230527184127,0.4100367013371493,2.6136928301322535
std,0.2291824521831781,477.0074897830118,1576.2479100098242,0.026146900264887477,6.8642995745378395,76.33176037943063,15.323446170444885,0.015823067345800967,1.1276369776263706,1.9967623697198937
min,0.0,-21380.406,0.0,0.0013428144169438,-57.43968009311023,0.0,110.32605218530936,0.0,0.0,0.0
25%,0.3487374356459917,-78.72795,32.44345,0.0141911069063386,-36.9596745650349,57.0,149.36186797976936,0.0165576551214204,0.0763941940412528,1.0
50%,0.5222715519344294,-0.014122009,247.08096,0.0242927335428937,-32.279567194911735,72.0,160.36746413226095,0.0274419693322852,0.1483679525222551,2.0
75%,0.7025257540027305,67.883156,1032.5686,0.0392773216956083,-28.117162684746244,107.0,169.40296832522847,0.0423137663381959,0.3144654088050314,5.0
max,1.0,17233.703,34751.664,0.8528092287972655,0.0,1010.0,246.57656011875903,0.0902968673955107,50.0,6.0
