,Method,Postive,Negative,Sum,Accuracy
0,C4.5,3249,1029,4278,75.94670406732118%
0,ID3,3219,1059,4278,75.24544179523141%
0,CART,3221,1057,4278,75.29219261337073%
0,CHAID,3230,1048,4278,75.50257129499767%
0,Regression,3240,1038,4278,75.73632538569424%
